FID,x,y
0,9.996402041,104.1051969
1,9.996402041,106.0963299
2,8.149940301,106.0963299
3,8.149940301,104.1051969
4,9.996402041,104.1051969
